year,employment_female
2008,46.7015335291701
2009,46.1737805860398
2010,45.8047260635537
2011,45.5681532094454
2012,45.3177895500938
2013,45.1135878708516
2014,44.9767190946007
2015,44.8569629991835
2016,44.7147839699224
2017,44.6954167242574
2018,44.6961750760471
