year,school_male
2008,89.62576
2009,89.35312
2010,89.33354
2011,89.20291
2012,89.76498
2013,89.74011
2014,90.0623
2015,90.10014
2016,90.42638
2017,90.28247
2018,90.53157
