year,employment_male
2008,72.643381639972
2009,71.8707559727018
2010,71.729386173132
2011,71.6741048168337
2012,71.5493943184194
2013,71.297555161315
2014,71.1430377529207
2015,70.9539761053331
2016,70.6888941556574
2017,70.5968320078288
2018,70.5512581547552
