year,school_female
2008,87.62318
2009,87.85407
2010,87.88409
2011,88.06601
2012,88.19405
2013,88.20248
2014,88.33011
2015,88.17368
2016,88.33632
2017,88.17059
2018,88.2163
